1493774080357850300,-924046094,-924012389,1205453
1493774080503881000,-924124401,-924088736,1308598
1493774080641046800,-923994120,-924019346,1246304
1493774080782517600,-924027780,-924032611,1233653
1493774080920314000,-924019499,-923993718,1256290
1493774081120319700,-924000674,-923812160,1402208
1493774081270698600,-923915644,-923927549,1330241
1493774081420682800,-923844182,-923884874,1359717
1493774081568421900,-923955594,-923961549,1303998
1493774081727364300,-923971327,-923965058,1301172
1493774081898017200,-923904754,-923922739,1372011
1493774082067081200,-923919960,-923822848,1351611
1493774082227056600,-923927270,-923934464,1338927
1493774082376545800,-923966345,-923950347,1293009
1493774082992644500,-924039383,-923990792,1287499
1493774083140503400,-924013561,-923985415,1258141
1493774083299138400,-923996551,-923972798,1392334
1493774083658254100,-923936138,-923885892,1269614
1493774083814830900,-923907571,-923867794,1375022
1493774083974057400,-923834011,-923874390,1367138
1493774084156647000,-924049880,-923953336,1302766
1493774084299753000,-924033954,-924017810,1198053
1493774084470673500,-924003329,-923981380,1471069
1493774084719116800,-923905360,-923941328,1573812
1493774084949392200,-923916142,-923955147,1357953
1493774085109371700,-924006533,-923994761,1285015
1493774085331128600,-923921438,-923851300,1852581
1493774085716524600,-923860536,-923845121,3213338
1493774086060302300,-924025504,-923644577,2493976
1493774086655047300,-923886610,-923337762,4181049
1493774087722425800,-924306649,-920214107,7983886
1493774087864762000,-924013216,-923997479,1294004
1493774088005174000,-923958524,-923903774,1280965
1493774088145273600,-923854821,-923865645,1177848
1493774088282358900,-923851039,-923848121,1237399
1493774088479464600,-924035973,-924534217,1821019
1493774088630873000,-924044052,-924001254,1314665
1493774088768190700,-923861914,-923895200,1236946
1493774088919508500,-924059215,-924019240,1349040
1493774089061028900,-923861643,-923868373,1261455
1493774089208799600,-923886499,-923921212,1312635
1493774089374926600,-923896471,-923886032,1411007
1493774089537129200,-923803688,-923819604,1410193
1493774089715327500,-923911557,-923895496,1417461
1493774089912464300,-923946491,-923922524,1292394
1493774090053821000,-923920806,-923937876,1256642
1493774090200832500,-923964225,-923969795,1280296
1493774090344901600,-923873366,-923893981,1222818
1493774090502417400,-924050670,-924015368,1299774
1493774090646243500,-924023576,-924000992,1270890
1493774090790999500,-924014021,-924008615,1269759
1493774090939653200,-924027084,-924021834,1334502
1493774091076607600,-924007997,-924004293,1220443
1493774091263712300,-924024332,-924007696,1260087
1493774091409830900,-924045307,-924016444,1273951
1493774091542990100,-924019264,-923998914,1215517
1493774091681150300,-923993566,-923977527,1227276
1493774091829069900,-924025099,-923996355,1267741
1493774091970808000,-923978764,-923982721,1199878
1493774092150547500,-923967197,-923967411,1255120
1493774092290984100,-924004545,-923975320,1270162
1493774092456310100,-923935457,-923946317,1422958
1493774092621999500,-923878470,-923888652,1381717
1493774092770238500,-923951722,-923974536,1293495
1493774092914515800,-923943158,-923937834,1289551
1493774093056743200,-924005900,-923984131,1250353
1493774093194470700,-924025534,-923996646,1252402
1493774093585460000,-923916071,-923925838,1316208
1493774093738813600,-923977323,-923977445,1286511
1493774093885928600,-923904965,-923906803,1357807
1493774094080527900,-923891320,-923910968,1247146
1493774094237247200,-923908402,-923902688,1268974
1493774094371353200,-924007373,-923950017,1253971
1493774094524577100,-923936006,-923936542,1336795
1493774094705402100,-924032679,-924045599,1271949
1493774094911313100,-924033631,-924007408,1250213
1493774095054869100,-924035405,-924055613,1259748
1493774095240711000,-924076091,-924047972,1270339
1493774095369858400,-924046910,-924035498,1179562
1493774095515759400,-924083118,-924080374,1251021
1493774095714027300,-924098491,-924065464,1248857
1493774095861566300,-924072030,-924043024,1278856
1493774096006260700,-924074833,-924052184,1279148
1493774096193393400,-924051249,-924031391,1279142
1493774096351275000,-924099216,-924024677,1291192
1493774096534946700,-923937521,-923964246,1411316
1493774096694481500,-923891874,-923965277,1390031
1493774096838583500,-924163692,-924143515,1267555
1493774097005842400,-924023171,-924027566,1288027
1493774097174810400,-923981599,-923981232,1274612
1493774097310657500,-924050930,-924019652,1228683
1493774097544780500,-923990101,-923970246,1491414
1493774097698916300,-924079391,-924077083,1330597
1493774097839872600,-924018130,-924009401,1242375
1493774098021008000,-923922564,-923969726,1246512
1493774098194108100,-923953159,-923985888,1289500
1493774098348115000,-923912380,-923919249,1324658
1493774098512427800,-923959391,-923943062,1344179
1493774098668457000,-924006233,-924002658,1352907
1493774098851430400,-924007614,-924005039,1239148
1493774099000932700,-924077565,-924056333,1274246
1493774099154126600,-924027720,-924055971,1257532
1493774099343264000,-924023049,-924007387,1261212
1493774099499216400,-923964742,-923957344,1278046
1493774099955544600,-923909696,-923904116,1350213
1493774100115800800,-923910956,-923948001,1225644
1493774100263658100,-923910121,-923897473,1257491
1493774100405511500,-923956331,-923949669,1282519
1493774100562871300,-924010314,-924013824,1276707
1493774100763866000,-924006875,-923945068,1301141
1493774100911497100,-924053302,-924050764,1272586
1493774101050892500,-923995005,-923978433,1269711
1493774101200898600,-923975486,-923976930,1258422
1493774101351129200,-924061982,-924036151,1265905
1493774101497038400,-924048503,-924061037,1278719
1493774101719823000,-924045382,-923349713,2003172
1493774101876594800,-923994478,-923981769,1358340
1493774102016845500,-924004060,-923965017,1270192
1493774102179442200,-924047534,-924078668,1408032
1493774102358852000,-924021918,-923980722,1218402
1493774102511538500,-923892060,-923907377,1313955
1493774102683587300,-923978136,-923965159,1375328
1493774102830479700,-924054150,-924036734,1301061
1493774102982477300,-924036203,-924007824,1293698
1493774103139251700,-923935465,-923971448,1417092
1493774103302496600,-924023675,-923979347,1395010
1493774103503651100,-923954890,-923928657,1419806
1493774103639385300,-923981862,-923964058,1241871
1493774103779312900,-924029288,-924004264,1239444
1493774103959600900,-924029359,-923954806,1223469
1493774104097981000,-923963201,-923966933,1276937
1493774104266284800,-923968264,-923965456,1267613
1493774104427670400,-923986517,-923954353,1302783
1493774104574648200,-923878908,-923907632,1258388
1493774104714116800,-923895363,-923932903,1244026
1493774104858187100,-924059834,-924040919,1278370
1493774104998202500,-924029588,-924017981,1229073
1493774105136266600,-924060703,-924051021,1181604
1493774105325675700,-924116932,-924052321,1281993
1493774105471332400,-923966135,-923994583,1222176
1493774105626270000,-923980816,-923976804,1351309
1493774105791559100,-924077910,-924027028,1362454
1493774105954423400,-924062858,-924074829,1385089
1493774106094003700,-924155427,-924092448,1255453
1493774106240835800,-924123067,-924113316,1223238
1493774106374009400,-923994949,-924004344,1166388
1493774106513647900,-923833109,-923876096,1266852
1493774106671132100,-923948986,-923948272,1342054
1493774106866098800,-923951054,-923945654,1312234
1493774107235551200,-924024671,-924011613,1261109
1493774107679228100,-923977901,-923959889,1325465
1493774107866706000,-924016215,-923995404,1264209
1493774108050041100,-924019085,-924004396,1176242
1493774108287829400,-924031363,-924024230,1197758
1493774110042818700,-924031487,-924409284,1703249
1493774111283653400,-923947970,-923967900,1436507
1493774111515359500,-923866175,-923938623,1275164
1493774111900866400,-923979685,-924044370,1485505
1493774112061759300,-923954561,-923971483,1182599
1493774112668174100,-923958238,-920805045,4976864
1493774113161153100,-923963252,-923914347,1594512
1493774113318020700,-923993202,-923986878,1283525
1493774113480616500,-923940153,-923948351,1322160
1493774113643697700,-924030177,-924000887,1334325
1493774113928925600,-923892268,-923950436,1490040
1493774114085299700,-923941668,-923968225,1197404
1493774114268735700,-923883052,-923862771,1482978
1493774114497513400,-923768618,-923826240,1407353
1493774114679933800,-924102257,-924056833,1325477
1493774114835665300,-924043451,-924022461,1361523
1493774115064925400,-924024365,-924017031,1199386
1493774115231910900,-924106182,-924091421,1317255
1493774115409210900,-924066885,-924062816,1302022
1493774115559804900,-923921666,-923935802,1261967
1493774115773369000,-923973127,-923965462,1444923
1493774115938883000,-923955640,-923951653,1319203
1493774116087796600,-923963225,-924014579,1215259
1493774116251154900,-923902159,-923907151,1333857
1493774116451588400,-923935365,-923543539,1768034
1493774116611561300,-923972442,-923927048,1366462
1493774116788917600,-924002093,-924033880,1363001
1493774117073234100,-924009635,-923985302,1222171
1493774117220557200,-924000981,-924024898,1260475
1493774117391276600,-923981759,-923840390,1457255
1493774117545390200,-923986920,-923962694,1285355
1493774117744633500,-923979400,-924207799,1594531
1493774118015143300,-923978886,-924216594,1647194
1493774118183013900,-923849599,-923856745,1389301
1493774118367528500,-923875710,-923865104,1523033
1493774118549212400,-923909513,-923899627,1435513
1493774118794028100,-923881354,-923913973,1471052
1493774118937927300,-924014384,-923957179,1241542
1493774119147527900,-923966066,-923926423,1319402
1493774119305554000,-923995163,-924004709,1247169
1493774119500016100,-923916956,-923885748,1430478
1493774119665453800,-924031898,-924010631,1324527
1493774119833229200,-923972988,-924013013,1402918
1493774119973328300,-923977685,-923949518,1207538
1493774120213735600,-923970027,-923844230,1471470
1493774121054115700,-924064783,-924070883,1257308
1493774121201036100,-924062058,-924032808,1235731
1493774121393987000,-924070846,-924036381,1265204
1493774121546199800,-924017500,-924002859,1221215
1493774121687326500,-923874740,-923928744,1237517
1493774121846850700,-923927767,-923878705,1354292
1493774122003517500,-923900390,-923900497,1222355
1493774122158569100,-923807309,-923889274,1219710
1493774122338447800,-923869191,-923897335,1369015
1493774122586488000,-923950575,-923951005,1332584
1493774122761840400,-923876598,-923742604,1486371
1493774122933329100,-923913974,-923919516,1347432
1493774123113841700,-924052984,-924031458,1226764
1493774123283000200,-923833064,-923821251,1207529
1493774123437147400,-924009366,-923997020,1311357
1493774123658322600,-923908619,-924014214,1369260
1493774123802170900,-924017593,-924018837,1229341
1493774123942164500,-924018946,-923987584,1204411
1493774124097104900,-924019984,-924023878,1246682
1493774124267344000,-923873525,-923863026,1386466
1493774124453419900,-923941167,-923956983,1456137
1493774124630485500,-924017352,-923965071,1462483
1493774124844736000,-923861406,-923440728,1824999
1493774125019858900,-924016962,-923982403,1347288
1493774125172865200,-923876098,-923894226,1317197
1493774125385913600,-923839231,-923888892,1545661
1493774125555756500,-923986476,-923981544,1289312
1493774125740470200,-924079074,-924051993,1311089
1493774125902762700,-924012126,-923997432,1251585
1493774126224064100,-924007676,-923966949,1351557
1493774126427885500,-924017647,-923989325,1293927
1493774126594784700,-923949328,-923954872,1375586
1493774126786784800,-923873436,-923824161,1544523
1493774126990625100,-923900453,-923971288,1305877
1493774127140940300,-923997442,-923955512,1250084
1493774127293013000,-923975590,-923984052,1261857
1493774127567283800,-923881474,-923992130,1347478
1493774127727697700,-923961794,-923951074,1333882
1493774127910485900,-923962645,-923945362,1292346
1493774128095770700,-924052082,-923982980,1240320
1493774128251208700,-924023943,-923948799,1377682
1493774128418392000,-923899912,-923910269,1269142
1493774128559247400,-924011142,-923980112,1268155
1493774128761917200,-923973249,-923947930,1337790
1493774128937228900,-923897826,-923861278,1368878
1493774129106527400,-923862377,-923880075,1275937
1493774129255462700,-923842563,-923876787,1300213
1493774129399857000,-923896274,-923939495,1244945
1493774129564885400,-924018366,-924033266,1340492
1493774129728320900,-924040420,-924043168,1357941
1493774129907999600,-923975849,-923969885,1262986
1493774130148374400,-924020915,-923981338,1516293
1493774130659865900,-924009882,-923914301,1464353
1493774130829105200,-924011808,-923948695,1297163
1493774130982873100,-924009335,-923991319,1224721
1493774131125456100,-924036261,-924055659,1281874
1493774131266356200,-923990837,-923988491,1254411
1493774131459376500,-924063997,-924028605,1273120
1493774131621806100,-924003995,-924005666,1225724
1493774131761640900,-923999254,-923935521,1241402
1493774131925711400,-924005401,-923972310,1263147
1493774132091139700,-924002497,-923968812,1255221
1493774132260381900,-923864136,-923847036,1363997
1493774132669953000,-923954673,-923936212,1322840
1493774132814839500,-923957564,-923955225,1243200
1493774132961031200,-924005018,-923958898,1253824
1493774133110319200,-924013681,-923968870,1259327
1493774133278591700,-923944361,-923906475,1363614
1493774133447533000,-923908714,-923878256,1369596
1493774133627805400,-923898447,-923963818,1387073
1493774133825250200,-924011804,-923984319,1294364
1493774134005344000,-923856418,-923857336,1349414
1493774134170765300,-924012677,-923968175,1253052
1493774134309947300,-924004248,-924008376,1262431
1493774134460393400,-923995537,-923978551,1274118
1493774134634338500,-923996561,-923966539,1281168
1493774134815412200,-923940206,-923912034,1157396
1493774134987678600,-924013896,-923935650,1261423
1493774135877276700,-923954855,-923905399,1352970
1493774136080908000,-924083060,-924087331,1241858
1493774136227863700,-924088927,-924051435,1278893
1493774136373638700,-924068937,-924056668,1274021
1493774136546843900,-924055372,-924049098,1298180
1493774136772040000,-924011681,-923653073,1753294
1493774136931626200,-923888356,-923893540,1279586
1493774137081778800,-923847677,-923872247,1192482
1493774137233875800,-924041687,-924021708,1225468
1493774137398061300,-924031003,-924063033,1272260
1493774137549941100,-923994831,-923998555,1241503
1493774137753618400,-924017755,-924030765,1226206
1493774137931160200,-924018932,-923984773,1292451
1493774138121610500,-923996881,-923937389,1377902
1493774138272199500,-924025805,-924009471,1226947
1493774138510783100,-924042506,-923993853,1232604
1493774138675285200,-924038451,-924010250,1236452
1493774138846750100,-924016284,-923972851,1272895
1493774138997680700,-923954783,-923920954,1350267
1493774139178886300,-923877789,-923769317,1557611
1493774139348937300,-923887524,-923857744,1390576
1493774139552355500,-923870735,-924231800,1787254
1493774139716531200,-924017610,-923996958,1414644
1493774139876358400,-923921492,-923939795,1355009
1493774140038593800,-924041009,-924030726,1293938
1493774140204483900,-924043994,-923989973,1397557
1493774140343585800,-924002138,-923999892,1244030
1493774140481701200,-924019588,-924000872,1232823
1493774140665956300,-924005248,-923974343,1219571
1493774140842568300,-924014956,-923993630,1258205
1493774141005477800,-923798857,-923880254,1304459
1493774141161575200,-924055209,-924022413,1360880
1493774141357604400,-924041548,-924014739,1300131
1493774141559873900,-923962554,-923931818,1306726
1493774141723786400,-924043539,-923993046,1277528
1493774141933086100,-923986922,-923944578,1427641
1493774142272954500,-923937480,-923790599,1436309
1493774142511083600,-923982576,-924068780,1447592
1493774142692887000,-924043233,-924046483,1324518
1493774142878568700,-923971604,-923934463,1349887
1493774143084863700,-923999929,-923940287,1395034
1493774143282735800,-923962411,-923830355,1429311
1493774143439629600,-923967483,-923956925,1298750
1493774143663625600,-923944972,-923887143,1316559
1493774143939440900,-924037094,-923598474,2086191
1493774144120539400,-923975727,-923890835,1297997
1493774144310063400,-923996663,-923997132,1255115
1493774144470386900,-924017260,-923989602,1258282
1493774144658725400,-923820650,-923883237,1432722
1493774144848529800,-923877644,-923881715,1346210
1493774145012716200,-923828459,-923854769,1253704
1493774145272188800,-924005083,-923573231,1945598
1493774145426633700,-923962413,-923924286,1326348
1493774145583736500,-923927369,-923922506,1322530
1493774145732457100,-923988508,-923976934,1245981
1493774145957099800,-923955994,-923441433,1860949
1493774146108587900,-924000043,-923960556,1195350
1493774146262934700,-924015722,-923980004,1259481
1493774146419993500,-924021791,-923991709,1234940
1493774146597318200,-923952795,-923941845,1399044
1493774146787073400,-923861754,-923873875,1404924
1493774146965376000,-923858128,-923908807,1386711
1493774147119668200,-923862076,-923875057,1318689
1493774147362803900,-923917426,-923873388,1429416
1493774147538211400,-923977800,-923908869,1301447
1493774147720820200,-923992065,-923990821,1284791
1493774147862511000,-923986184,-923964761,1288050
1493774148057693200,-923858907,-923851520,1374989
1493774148253436300,-923990189,-924017184,1292402
1493774148451077700,-924062830,-923788767,1561917
1493774148622776200,-923990027,-924050737,1352497
1493774148782070100,-923995965,-923966751,1335058
1493774148991646900,-924030349,-923843048,1401227
1493774149163323300,-923983499,-924021053,1394429
1493774149334586200,-923845473,-923854731,1355316
1493774149513716500,-923915123,-923904765,1316520
1493774149673562900,-923884596,-923900733,1324198
1493774149858457300,-923957972,-923785356,1537600
1493774150042966100,-923828572,-923873415,1237053
1493774150810521400,-923892871,-923912688,1239429
1493774150954220200,-924014620,-923972747,1265529
1493774151117930300,-924012879,-924022345,1259659
1493774151306632500,-923955586,-923961532,1263241
1493774151465148000,-923996941,-923977456,1276029
1493774151634976000,-924005852,-923978570,1265723
1493774151798683700,-924011340,-923972167,1261729
1493774151975402400,-924025048,-923972435,1286587
1493774152152752100,-923823457,-923878344,1370765
1493774152361150300,-923834557,-923436491,1780580
1493774152541685400,-923864948,-923866315,1382595
1493774152705799500,-923929442,-923921952,1391429
1493774152954117200,-923855080,-923860248,1396138
1493774153206671300,-923881154,-923859605,1416883
1493774153407883200,-923904046,-923740862,1569052
1493774153588111300,-923946783,-923920347,1412097
1493774153917869600,-923848311,-924296452,1947511
1493774154094523000,-923883885,-923817800,1290910
1493774154355105800,-924019552,-924111956,1421100
1493774154501275700,-923993583,-923949020,1282762
1493774154657850500,-923833552,-923862548,1268756
1493774154795701500,-923997659,-923959154,1241518
1493774154975876600,-923959553,-923928586,1238971
1493774155296437400,-923836496,-923934893,1519428
1493774155457590600,-923851265,-923869821,1363910
1493774155622009700,-923906907,-923914134,1258042
1493774155825564300,-923858739,-923963498,1485805
1493774156063098100,-923969315,-923958886,1343148
1493774156316579200,-923860744,-923905854,1419816
1493774156477239000,-923824711,-923873952,1365698
1493774156665283800,-923960367,-923992693,1421997
1493774156823515200,-923960277,-923931831,1255712
1493774156974283700,-923945620,-923911646,1338862
1493774157196229900,-923977586,-923821996,1431909
1493774157389245600,-923949630,-923931948,1297044
1493774157544714400,-923985739,-923930164,1338153
1493774157700774000,-923938574,-923913621,1356209
1493774157868649100,-923957132,-923957216,1295750
1493774158014114100,-923889222,-923912559,1229364
1493774158215341600,-924013082,-923998546,1280131
1493774158368256800,-923957502,-923939289,1330124
1493774158547738900,-923897010,-923955007,1372741
1493774158717032100,-923937468,-923965128,1315733
1493774158909393000,-923946554,-923897495,1325745
1493774159057069200,-923930816,-923978974,1177869
1493774159206264000,-923998198,-923981356,1241190
1493774159381733800,-923856737,-923917841,1337398
1493774159549821200,-923873808,-923854211,1348924
1493774159750622600,-923796325,-923764778,1447871
1493774160011946000,-923895347,-923885110,1220321
1493774160164936300,-923866082,-923871692,1267881
1493774160329084500,-923869310,-923900825,1389856
1493774160489036000,-923911475,-923880905,1204655
1493774160648426800,-924066784,-923989293,1253963
1493774160847728000,-924010387,-923974844,1287057
1493774161018217900,-923877873,-923881132,1289773
1493774161395206800,-923927425,-923746763,2403443
1493774161999447300,-923949841,-923915261,1240539
1493774162149119200,-923937529,-923934582,1287757
1493774162306658800,-924033807,-924041056,1281845
1493774162458766000,-924019689,-924055924,1294623
1493774162646689400,-923805397,-923878185,1142839
1493774162903541500,-923936392,-923912356,1360918
1493774163156454400,-924050143,-924267249,1561123
1493774163346121400,-924006785,-924003228,1252834
1493774163553454600,-923997122,-923859751,1377971
1493774163713830200,-923924600,-923925847,1302887
1493774163943806700,-923935790,-924018307,1377634
1493774164083379100,-924054622,-924043620,1222648
1493774164259943000,-923916444,-923902415,1384169
1493774164682400000,-923918189,-924003112,1589650
1493774165000516400,-923937741,-923937213,1263140
1493774165277869600,-923931904,-923956980,1365075
1493774165557084200,-923983702,-923978590,1307547
1493774167299633500,-923830818,-923857177,1368480
1493774168007757600,-923825863,-923682880,2134021
1493774169385354500,-923937322,-923888907,1376671
1493774170808425100,-923796859,-923772357,1485599
1493774172012290900,-923778448,-923789951,1327114
1493774172298853000,-923918095,-923907850,1353802
1493774172585678400,-923914050,-924601854,2482683
1493774173123128300,-924020856,-923989926,1477022
1493774173286486100,-923794717,-923804302,1403970
1493774173465681700,-923826770,-923846221,1438000
1493774173646962400,-923880401,-923875565,1483464
1493774173807548600,-923901725,-923921138,1388292
1493774173963302800,-923943175,-923909213,1331479
1493774174269209900,-924080423,-924664888,2474217
1493774174537606600,-924074146,-924067702,1553286
1493774174715506900,-923965858,-923848429,1498505
1493774174896085100,-923919605,-923917541,1387376
1493774175048151300,-923934333,-923935887,1242415
1493774175206530500,-924004658,-923969355,1303964
1493774175415662300,-924017591,-924011714,1266452
1493774175560721600,-924019498,-923974028,1220639
1493774175705474300,-923952253,-923972112,1293306
1493774175924809900,-924021514,-924114478,1383689
1493774176235853400,-924741238,-924854095,2364082
1493774176507724100,-923910155,-923935493,1399127
1493774176684222000,-923985849,-924011160,1456632
1493774176858492600,-923988759,-923939919,1484912
1493774177039873500,-923882028,-923899931,1419227
1493774177214764400,-923912227,-923919872,1364200
1493774177401925000,-923906481,-923887362,1314921
1493774177578381700,-923947055,-923909814,1326807
1493774177726606000,-923959501,-923935959,1320376
1493774177877690600,-923817362,-923847520,1323699
1493774178024411800,-923905281,-923891616,1263103
1493774178198097400,-923880886,-923886594,1362333
1493774178360079100,-923908091,-923881275,1410612
1493774178556675300,-923919458,-923914439,1334560
1493774178739331300,-923889935,-923899646,1422079
1493774178900826500,-923923456,-923893418,1423728
1493774179056325700,-923910150,-923913291,1314719
1493774179264540300,-923856554,-923866616,1400328
1493774179436119800,-923971531,-923976839,1343536
1493774179585918100,-923935620,-923939456,1307563
1493774179742898600,-923954839,-923964961,1348528
1493774179883292100,-924001177,-923985104,1246154
1493774180020874600,-923946751,-923925437,1195345
1493774180155682600,-924021891,-923973287,1211389
1493774180339975100,-924001028,-923972922,1258229
1493774180483652500,-924024086,-923977709,1268928
1493774180637413500,-923904557,-923887347,1382984
1493774181074693600,-923888530,-923837368,1296679
1493774181215291500,-923799657,-923838545,1154089
1493774181359427600,-923921401,-923914962,1192800
1493774181491594200,-923892217,-923864871,1164205
1493774181627704400,-923815147,-923838973,1193197
1493774181808837300,-923861573,-923864264,1162538
1493774181956927400,-924011783,-923989545,1241936
1493774182085033600,-923740340,-923780001,1167744
1493774182226130400,-923915767,-923894272,1171827
1493774182608481400,-923881118,-923894828,1292181
1493774182762108100,-923930987,-923919535,1314343
1493774182908771400,-923909789,-923901345,1339473
1493774183196538200,-923846073,-923432479,1808098
1493774183358204600,-923913911,-923903226,1330127
1493774183517898300,-923870654,-923857020,1180432
1493774183658479000,-924035981,-923978295,1232592
1493774183812070400,-923938635,-923919244,1290196
1493774183960436300,-923844624,-923848245,1306935
1493774184101593900,-923983242,-923948656,1209558
1493774184244893600,-923910038,-923904483,1277314
1493774184382479000,-923911826,-923877548,1179341
1493774184572919000,-923771961,-923751514,1349273
1493774184728627100,-923906219,-923886725,1150484
1493774184861660800,-924051691,-924025305,1187899
1493774184997208200,-923948900,-923936111,1178728
1493774185145801500,-923907911,-923927057,1223568
1493774185282764500,-923917333,-923939507,1206932
1493774185414858400,-923900656,-923852900,1157585
1493774185557091600,-924010724,-923985480,1240295
1493774185689628500,-924031472,-923988785,1187526
1493774185824456200,-923904624,-923910883,1237405
1493774186000350900,-923890881,-923856375,1156123
1493774186136630300,-924029658,-923982048,1209352
1493774186285085300,-923935276,-923957083,1171084
1493774186425701800,-923899854,-923897232,1218539
1493774186651360600,-923873936,-923884323,1374779
1493774186813563600,-923854635,-923825445,1395816
1493774186961452800,-923956920,-923946309,1263860
1493774187134674100,-924015132,-924003113,1180756
1493774187278154500,-923862594,-923864469,1247481
1493774187414272600,-923750864,-923761750,1143658
1493774187547800900,-923860384,-923870671,1193348
1493774187705064200,-923871761,-923862367,1364261
1493774187858826800,-923944077,-923895288,1402264
1493774188029462000,-923830682,-923846695,1186483
1493774188164137000,-924002502,-923977591,1228669
1493774188335124900,-923912246,-923893047,1335374
1493774188513919300,-923889542,-923962282,1537936
1493774188654918400,-923839861,-923869860,1180362
1493774188805480300,-923984850,-923975430,1322817
1493774189000642400,-924003815,-923988374,1340835
1493774189139003300,-924085269,-924057654,1259615
1493774189284988000,-924020026,-924006176,1258893
1493774189417098800,-924008810,-923985932,1210149
1493774189561388000,-924019102,-924020842,1222811
1493774189698753300,-924082169,-924076295,1273072
1493774189847817900,-923999891,-924009458,1243970
1493774190038512100,-923864237,-923898568,1196784
1493774190169757000,-923979704,-923940211,1105595
1493774190294207300,-924060870,-924021809,1158346
1493774190440400200,-923895149,-923887244,1308326
1493774190590943200,-923937615,-923949221,1284603
1493774190731670900,-924032026,-924016266,1302671
1493774190866246600,-923941187,-923947097,1162448
1493774191050575600,-923927114,-923956324,1166518
1493774191181241600,-923993559,-923997671,1184680
1493774191313639300,-923996050,-924001134,1215926
1493774191491707900,-923987768,-923939771,1308992
1493774191650289400,-924019601,-924013203,1210599
1493774191784599500,-924066280,-924010347,1210391
1493774191917447100,-924058520,-924050020,1172138
1493774192089243000,-923915329,-923927838,1177339
1493774192239689900,-923926600,-923921188,1329134
1493774192388819100,-923961804,-923901018,1285902
1493774192574098500,-924054497,-924015005,1268114
1493774192772601600,-924003802,-923993284,1231601
1493774193960454800,-923952696,-923970080,1256527
1493774194097322500,-923931550,-923998179,1169777
1493774194261134500,-923984942,-923963912,1286505
1493774194403216100,-923974332,-923960748,1237555
1493774194540705800,-924029042,-923955774,1218794
1493774194672831300,-923983857,-924000353,1189555
1493774194805161300,-924083560,-924060795,1210412
1493774194942942900,-924054603,-924043809,1145137
1493774195069193100,-923953724,-923956910,1144621
1493774195264351900,-923982620,-923964639,1298578
1493774196256741200,-924077904,-924066678,1230379
1493774196386154600,-924095332,-924077035,1170888
1493774196523756000,-924005513,-923978478,1254597
1493774196688590200,-924023712,-923967468,1336175
1493774196886227900,-923860341,-923887025,1285251
1493774197030011700,-923973154,-923976079,1271240
1493774197166680300,-923973710,-923965048,1199660
1493774197294681500,-924077974,-924052539,1109418
1493774197430754000,-923966174,-923942847,1162451
1493774197561801000,-924014168,-923994275,1109252
1493774197696152100,-923971603,-924017971,1182662
1493774197837051800,-924117237,-924090205,1224100
1493774197966406500,-924052369,-924043610,1197866
1493774198130142100,-923860677,-923876775,1113257
1493774198331989900,-924076621,-924071709,1215788
1493774198474859900,-923998707,-923987113,1309866
1493774198620012400,-924011413,-924007482,1227791
1493774198768616100,-924026706,-924033865,1293734
1493774198962703400,-924093749,-924053590,1307310
1493774199098013500,-923927655,-923935219,1231361
1493774199231821800,-924053943,-924045928,1136555
1493774199360736400,-923918758,-923960560,1205095
1493774199499260700,-924076223,-924054768,1234359
1493774199641866700,-924093586,-924078599,1254173
1493774199823400700,-924091127,-924066966,1258738
1493774199954721100,-924098743,-924085341,1230055
1493774200106240000,-923912134,-923949472,1164700
1493774200237063700,-924053501,-924019323,1141026
1493774200377815600,-924030317,-923996286,1210584
1493774200508990300,-924034782,-923989340,1164652
1493774200636621100,-924048596,-924021188,1180727
1493774200784074400,-924062506,-924017308,1205103
1493774200911738100,-924062887,-924029137,1171140
1493774201086776400,-923958221,-923945635,1193461
1493774201245730700,-923897196,-923868779,1333336
1493774201402393400,-923851911,-923896952,1334966
1493774201562562100,-924035676,-924001162,1333132
1493774201725913400,-923902260,-923887322,1340102
1493774201862251500,-924034815,-924023600,1206766
1493774202031427700,-923969262,-923957994,1160171
1493774202157672100,-924066379,-924035829,1145179
1493774202287272300,-924024050,-923993564,1218439
1493774202421008000,-924056841,-924029043,1187793
1493774202607074900,-924055172,-924026450,1201033
1493774202741671900,-924032855,-924009918,1175944
1493774202887348700,-923893439,-923901660,1288321
1493774203038019000,-924005539,-923969002,1321844
1493774203174820600,-924077502,-924067470,1129724
1493774203365661800,-924037221,-924022465,1204365
1493774203507823500,-924053891,-924013994,1185125
1493774203637615900,-923940693,-923952467,1165592
1493774203786243700,-924036976,-924028631,1247000
1493774203929114500,-923986426,-923949077,1238573
1493774204115031900,-923862738,-923878243,1187408
1493774204247828600,-923921601,-923929290,1162105
1493774204382003200,-923851175,-923862027,1196340
1493774204509120400,-924049191,-924015936,1120306
1493774204644239200,-924059871,-924028346,1177524
1493774204771526400,-924058892,-924059098,1168263
1493774204945361900,-924051095,-924049684,1184636
1493774205078096200,-923939412,-923927027,1139667
1493774205210509500,-924067461,-924038368,1173419
1493774205395466200,-924018023,-924010133,1161420
1493774205522833500,-924072988,-924052696,1133347
1493774205658798800,-923978497,-924001450,1192438
1493774205785864000,-924062031,-924059041,1151039
1493774206216770300,-923972892,-923980273,1175376
1493774206349648800,-923927040,-923954397,1154500
1493774206475714600,-923986756,-924000905,1132483
1493774206604028200,-923972086,-923983658,1190036
1493774206734473300,-923966408,-923926409,1226232
1493774206880440400,-923908565,-923948469,1204770
1493774207032123200,-923960123,-923956057,1241920
1493774207174478300,-923995023,-923976608,1182529
1493774207372718600,-924071354,-924052028,1235186
1493774207501405400,-924032421,-924006101,1153346
1493774207641401900,-923997073,-923976117,1183531
1493774207783189200,-923965775,-923949531,1196801
1493774207927455400,-923984371,-923969029,1230637
1493774208082867200,-923941691,-923929757,1394961
1493774208236505300,-924038372,-923961224,1247161
1493774208428346900,-923973304,-923959771,1215978
1493774208559023200,-924007056,-923976367,1192636
1493774208696586400,-924010637,-923965544,1233845
1493774208857834500,-923928723,-923958175,1437205
1493774209008338100,-923948824,-923910772,1287417
1493774209151339800,-923852920,-923905206,1230511
1493774209364282700,-923858684,-923885709,1337148
1493774209510449400,-923916632,-923908447,1249165
1493774209657446500,-923961594,-923964186,1365626
1493774209793973100,-923998225,-923953784,1249528
1493774209936469400,-923967879,-923935154,1288668
1493774210082095300,-924011085,-923981516,1248442
1493774210271406700,-923939682,-923511804,1715590
1493774210453917900,-923991818,-923972676,1264167
1493774210596910100,-923936154,-923934736,1282985
1493774210738713500,-924007171,-923983960,1251423
1493774210878985000,-924017648,-923972497,1234387
1493774211083209100,-923832108,-923866905,1213521
1493774211227151800,-923995828,-923970137,1237428
1493774211376684500,-924011135,-924012621,1203319
1493774211515550800,-923950822,-923979148,1204210
1493774211656766600,-923844893,-923831844,1180263
1493774211797961100,-923972474,-923965871,1288479
1493774211940948100,-923967045,-923935359,1284684
1493774212125440500,-924005911,-923920485,1394055
1493774212368332400,-923988898,-923949156,1271298
1493774212506188300,-923895513,-923925312,1259415
1493774212643567100,-923996552,-923976515,1219868
1493774212778598500,-923976841,-923966773,1173046
1493774212925860500,-924051308,-923993909,1334425
1493774213066473200,-923906170,-923915653,1237597
1493774213238563800,-923917029,-923893042,1307619
1493774213401962700,-923910319,-924020742,1301194
1493774213593379000,-923990825,-923949463,1238227
1493774213739836700,-923989748,-923972594,1259490
1493774213881037400,-923864683,-923921521,1251806
1493774214026718700,-924033593,-923982758,1328900
1493774214219270200,-924030492,-924013193,1261568
1493774214362135200,-924068564,-924064932,1284980
1493774214551711400,-923915706,-923745785,1584944
1493774214701566300,-924034405,-923963108,1262858
1493774214898532800,-923964680,-924009217,1397646
1493774215045176500,-923885007,-923905878,1236438
1493774215184692700,-923881511,-923933517,1213388
1493774215322174600,-924068861,-924029561,1250547
1493774215516118600,-924017136,-923822802,1398940
1493774215657437900,-924019651,-923999111,1210057
1493774215800984400,-924004768,-923931270,1247958
1493774215941556900,-923877086,-923886944,1274031
1493774216074524400,-923846992,-923854253,1142455
1493774216214735300,-924000992,-923983805,1254231
1493774216364337300,-923878123,-923890684,1341844
1493774216517022600,-923928735,-923898121,1298984
1493774216671068500,-923987623,-923960365,1375650
1493774216887136000,-923950359,-924038978,1456200
1493774217029208700,-923989276,-923918767,1279750
1493774217163205000,-923987474,-923982032,1221912
1493774217302398100,-923891987,-923905375,1226766
1493774217442679500,-923896449,-923936863,1287877
1493774217607207500,-923833023,-923876385,1240648
1493774217751556200,-923902821,-923884468,1305519
1493774217904098200,-923891753,-923915541,1323034
1493774218258433900,-923810065,-923838585,1272487
1493774218440460500,-923912933,-923890297,1312679
1493774218582552900,-923973280,-923962658,1243684
1493774218727170500,-923996418,-923957087,1261293
1493774218876168700,-923995449,-923981451,1246786
1493774219023514000,-923818597,-923821207,1235332
1493774219224022600,-923823689,-923511543,1777098
1493774219387151400,-923902618,-923888087,1317472
1493774219537361500,-923960545,-923940369,1313193
1493774219703229900,-923839675,-923848244,1384883
1493774219845889200,-923948318,-923930378,1278610
1493774220075570900,-923928026,-924001249,1371789
1493774220222682600,-923946845,-923940370,1241183
1493774220369499100,-924073124,-924041584,1270632
1493774220501028100,-924074327,-924047402,1167673
1493774220691555600,-924057416,-924039804,1322238
1493774220842622900,-924072513,-924059399,1334884
1493774220995428900,-923998179,-923976613,1320078
1493774221149737100,-924101993,-924059155,1262567
1493774221294401100,-923945467,-923970504,1286098
1493774221440381300,-923997823,-923990080,1315892
1493774221813061900,-923965445,-923918376,1387710
1493774221964386200,-923911912,-923944855,1303622
1493774222118884900,-923992142,-923959089,1243645
1493774222285354300,-923912748,-923937195,1388697
1493774222480108700,-923812728,-923886329,1359281
1493774222630959200,-923957599,-923931046,1284573
1493774222772275700,-923992968,-924013642,1172332
1493774222908344500,-923968330,-923967635,1177228
1493774223041475400,-923992126,-923961201,1159445
1493774223170091100,-923954945,-923971862,1156447
1493774223304703300,-923977823,-923987634,1145323
1493774223440381700,-924070854,-924059526,1249983
1493774223621682900,-924023581,-923943123,1280799
1493774223751959800,-924048322,-924027353,1125647
1493774223883724000,-923933765,-923948547,1163911
1493774224011758800,-923952491,-923894569,1135127
1493774224138105800,-923871534,-923907951,1206434
1493774224274787200,-924058264,-924057952,1186137
1493774224404481800,-924075770,-924070038,1177533
1493774224563699800,-924055621,-924030145,1214014
1493774224749236200,-924042547,-924036234,1165046
1493774224878983800,-924057604,-924020910,1136054
1493774225019388800,-923920336,-923932016,1161553
1493774225150355300,-924061564,-924058252,1202700
1493774225339338700,-924090408,-924053673,1196486
1493774225474529000,-924089004,-924067887,1172644
1493774225613008100,-924101387,-924092219,1222659
1493774225844899400,-924004705,-923978947,1181885
1493774225991932200,-924047295,-923997603,1205144
1493774226162916000,-924045303,-924039466,1153860
1493774226327965300,-924261711,-924283661,1370756
1493774226547674900,-924078801,-924039685,1294011
1493774226747332100,-923935545,-923982611,1333140
1493774226904043200,-924008071,-924006464,1306623
1493774227087019400,-923899916,-923986571,1292691
1493774227324563100,-924075886,-924097830,1296101
1493774227469150800,-924093576,-924072098,1234386
1493774227607391800,-924082751,-924064275,1227459
1493774227780698900,-924115843,-924090358,1190270
1493774227911364000,-924111950,-924096355,1187680
1493774228045382200,-923973151,-923974672,1198705
1493774228182335700,-924120845,-924095203,1271716
1493774228384214000,-923948267,-923950209,1188200
1493774228513948900,-923998041,-924000986,1176679
1493774228662831200,-923976219,-923972957,1336791
1493774228861788900,-923847205,-923885495,1244771
1493774229040084100,-924028093,-923999001,1142920
1493774229197073100,-923974192,-923996262,1253884
1493774229337482600,-924102660,-924076034,1219186
1493774229497848400,-924004225,-924018540,1230486
1493774229721936900,-924051340,-924081819,1329949
1493774229856193500,-924042786,-924030143,1149738
1493774229992568200,-924014089,-924003453,1203549
1493774230147914600,-924013185,-923939218,1283852
1493774230298446200,-924050580,-924029402,1223314
1493774230531013600,-924056892,-923532865,1754954
1493774230691222200,-923931567,-923952684,1302283
1493774230832846900,-924004742,-923990657,1222189
1493774231001466800,-924073936,-924060099,1250590
1493774231180938200,-923998412,-924022301,1160493
1493774231317157300,-924049735,-924042266,1190087
1493774231445080400,-923994416,-924022715,1193052
1493774231577731400,-924047770,-924045305,1177625
1493774231720730700,-924083000,-924074626,1237753
1493774231847020300,-924120412,-924116097,1179721
1493774231994005500,-924045146,-924005633,1195479
1493774232141014600,-923904093,-923921474,1226651
1493774232347643700,-924084943,-924019067,1362345
1493774232501882900,-923846120,-923892334,1360736
1493774232661485100,-923941743,-923957923,1354363
1493774232809903500,-924006329,-923984014,1294120
1493774232959562300,-923972863,-923981985,1297470
1493774233100384000,-924108043,-924065354,1198037
1493774233237262400,-924112996,-924084500,1229272
1493774233385298600,-924096588,-924065554,1303541
1493774233548472600,-924018268,-924022362,1411739
1493774233751532800,-923939855,-923958118,1358288
1493774233907481900,-924043838,-924047929,1266436
1493774234043349100,-924051138,-924000333,1196986
1493774234224744400,-924100331,-924065538,1265315
1493774234365430600,-924026325,-924029828,1274478
1493774234519894800,-923998470,-924014598,1254061
1493774234666275700,-923969837,-923979265,1284544
1493774234813585700,-924009611,-923977936,1281265
1493774234970466400,-924003490,-923979454,1310357
1493774235103309100,-923935722,-923944851,1151295
1493774235253049500,-924064787,-924022454,1276266
1493774235394568800,-924025049,-924025176,1244965
1493774235586672700,-924021299,-924001594,1248653
1493774235729907600,-924023923,-924044059,1247973
1493774235872305400,-923998276,-923986184,1223883
1493774236007717800,-923989675,-923953131,1252875
1493774236138395700,-923950389,-923964248,1151330
1493774236265978900,-924047024,-924029209,1156801
1493774236400989300,-924025693,-923990784,1215790
1493774236599408300,-923934906,-923929809,1396451
1493774236758028900,-923901887,-923901048,1310934
1493774236922554300,-923943485,-923931259,1249428
1493774237088671500,-923822340,-923860018,1137571
1493774237227269700,-923880759,-923904153,1117405
1493774237357253800,-923932684,-923929823,1097041
1493774237510903000,-924003536,-923916376,1319788
1493774237713747700,-923973520,-923963669,1277362
1493774237871551300,-923935630,-923969286,1274614
1493774238017859900,-923956143,-923971739,1274077
1493774238176035900,-924084239,-924036058,1161191
1493774238316145300,-924061593,-924036802,1174477
1493774238452720700,-924110610,-924085412,1206982
1493774238584583000,-923930732,-923959836,1209135
1493774238717801800,-923943802,-923959997,1231138
1493774238847029700,-924065968,-924032829,1123882
1493774239038368000,-924021055,-923997238,1253311
1493774239164559400,-923924317,-923956703,1202366
1493774239311746300,-923977690,-923968745,1271589
1493774239489043000,-923863231,-923878432,1356200
1493774239635618100,-923870583,-923900018,1321223
1493774239795742100,-923866916,-923888430,1338767
1493774239943446700,-923881404,-923891819,1296982
1493774240074642300,-923925104,-923920468,1157037
1493774240205428600,-924024955,-923996964,1211697
1493774240343333300,-924079631,-924026004,1201150
1493774240519633300,-924087992,-924069430,1236910
1493774240656641400,-924096127,-924071099,1225333
1493774240790187800,-924087183,-924066407,1226476
1493774240932396400,-924003828,-924010158,1209088
1493774241074265000,-923813948,-923830034,1273007
1493774241248672300,-924060071,-924019600,1254775
1493774241403354100,-923934529,-923949424,1367936
1493774241552087400,-923942341,-923931617,1283386
1493774241805160900,-923920720,-923935118,1317786
1493774241933869000,-924054112,-924047694,1155100
1493774242091200000,-924042941,-924006586,1196506
1493774242222024100,-924013588,-923998289,1189185
1493774242374784900,-923871231,-923892173,1247921
1493774242507194500,-924024371,-923998166,1220810
1493774242685989800,-924015955,-923997687,1256124
1493774242824099800,-923999382,-923985287,1223118
1493774242974671600,-923897509,-923885148,1233610
1493774243113189300,-923855328,-923917660,1155862
1493774243253823800,-924067836,-924028984,1278499
1493774243395861200,-924088432,-924064049,1207989
1493774243533392400,-924032665,-923994889,1212297
1493774243665655800,-923993313,-924016486,1189788
1493774243796177700,-924032780,-923978065,1153974
1493774244153480800,-923994527,-923972479,1304138
1493774244307525800,-924013688,-923990582,1329494
1493774244475173900,-924005869,-923997362,1361690
1493774244618025000,-923915487,-923925693,1249209
1493774244817409600,-923839557,-923901379,1292171
1493774244975833100,-924036489,-923974166,1255671
1493774245125717600,-924049893,-924052608,1191928
1493774245369183800,-923880018,-923875804,1351944
1493774245875301200,-923753654,-923112239,4044020
1493774246379217600,-924109947,-923971511,1673651
1493774246505875400,-923952089,-923972407,1176393
1493774246640181800,-924060156,-924039629,1221634
1493774246950893600,-924018509,-923704795,2301172
1493774247442168400,-923237965,-923094203,4356416
1493774247951114800,-923651065,-923890407,3292834
1493774248137247000,-923975226,-923970447,1131990
1493774248266345100,-923857919,-923865303,1162809
1493774248422117300,-923838671,-923896564,1194639
1493774248569251600,-923938636,-923945586,1231031
1493774248708983300,-924002458,-923984175,1229305
1493774248842863500,-924045729,-924009477,1156634
1493774249040031900,-923909795,-923920762,1229552
1493774249176951400,-924020838,-923978628,1228095
1493774249302201500,-923848780,-923893572,1185031
1493774249451092900,-923867608,-923850963,1351830
1493774249601917600,-923975408,-923964364,1277189
1493774249766691800,-924000046,-923984308,1263408
1493774249975168000,-923813994,-923885510,1329351
1493774250139243100,-924027890,-924019867,1390556
1493774250381608600,-924041633,-923888318,1651499
1493774250929467500,-923513246,-923038223,4157852
1493774251304981700,-923933233,-923951294,1278823
1493774251433111700,-923746451,-923767210,1172999
1493774251602480800,-923885479,-923869175,1340096
1493774251792399000,-923995440,-923948236,1347523
1493774251940730100,-923887897,-923901326,1187499
1493774252081860100,-923881356,-923869273,1217432
1493774252220902500,-923864818,-923940291,1207579
1493774252411276000,-924014212,-924011729,1211250
1493774252563505200,-923998008,-923978650,1229401
1493774252751159200,-923817737,-923804594,1389130
1493774252901374200,-923985701,-923910040,1277197
1493774253041624400,-923920745,-923872528,1182349
1493774253175512000,-923910310,-923887618,1145354
1493774253317179000,-923877933,-923864090,1279051
1493774253457040500,-924003807,-923987602,1260624
1493774253648284300,-923788952,-923814656,1191157
1493774253794259600,-923980905,-923956448,1236787
1493774253954728100,-924019372,-923977823,1339441
1493774254110467800,-923886212,-923906044,1188921
1493774254261777800,-924023865,-923962286,1227399
1493774254601070200,-923862889,-923628378,2135078
1493774255275027400,-923921640,-923381376,4029718
1493774255811558000,-923794364,-923545225,4502916
1493774256339205300,-923725793,-923573004,4502775
1493774256925626900,-923474092,-923393595,4620240
1493774257340254200,-923962276,-923513146,2788236
1493774258241810000,-923624030,-923061567,5429160
1493774258931363400,-923920905,-922869486,4948337
1493774259969450300,-923999165,-922955346,4986095
1493774260531115500,-924092117,-924097516,1470049
1493774260692560600,-923910959,-923904320,1365624
1493774260848662400,-923956395,-923923598,1335470
1493774261046121200,-923825196,-923850812,1354017
1493774261192081300,-924033949,-923999589,1282172
1493774261329873100,-924020665,-924009175,1269091
1493774261481853900,-923896897,-923909771,1419504
1493774261628410200,-923950973,-923949936,1348326
1493774261783305000,-923954857,-923961368,1337141
1493774261935473800,-923961359,-923963803,1383668
1493774262093185900,-923854426,-923904128,1277851
1493774262457645200,-924005947,-924001164,1328278
1493774262623606800,-923921715,-923860458,1455618
1493774262802048500,-923894477,-923886715,1463027
1493774263018614100,-923890651,-923906498,1416292
1493774263173947800,-923979618,-923947272,1323989
1493774263346934700,-923991964,-923912088,1329415
1493774263512343200,-923883856,-923905570,1405500
1493774263702265900,-923997500,-923842099,1340964
1493774263873665600,-924002572,-923924396,1245103
1493774264025305600,-923923285,-923893101,1248034
1493774264231432600,-923993160,-923929401,1236868
1493774264371675900,-924006045,-923987157,1193435
1493774264530308300,-923922360,-923891340,1267394
1493774264690265200,-924022003,-924029440,1369824
1493774264845805000,-923894813,-923903902,1187744
1493774264986050800,-923997807,-923981978,1246672
1493774265122291600,-924052149,-924013272,1214611
1493774265344183200,-924004095,-923976744,1224426
1493774265515771700,-924042784,-923956507,1370007
1493774265673186500,-924062429,-924003790,1318177
1493774265833434800,-924051245,-924021811,1309032
1493774265983671200,-923870445,-923892034,1248261
1493774266151686300,-923917072,-923893411,1330338
1493774266311666600,-923981928,-923937691,1289232
1493774266460780600,-923977985,-923952885,1245628
1493774266719824600,-923882123,-923834631,1493269
1493774266903915500,-923886662,-923917673,1470753
1493774267072623200,-923838880,-923873764,1347939
1493774267232339500,-923972276,-923940792,1226122
1493774267390661600,-923932165,-923938914,1372834
1493774267548732900,-924028325,-924002569,1309984
1493774267702020000,-924024394,-923952441,1265441
1493774267913651200,-923988217,-923925782,1279145
1493774268082202500,-923886511,-923887824,1326476
1493774268224926300,-924001064,-923964960,1257545
1493774268381657500,-924056586,-924014712,1282184
1493774268538794300,-923866174,-923851549,1355085
1493774268697359100,-923933168,-923923502,1314767
1493774268890790700,-924048923,-924053587,1284388
1493774269025923500,-923854859,-923889081,1190282
1493774269162216400,-924122933,-924115317,1145476
1493774269303544000,-924134723,-924098296,1223785
1493774269439111900,-924059415,-924020723,1209402
1493774269634860300,-924038167,-923849631,1322725
1493774269787876900,-923937109,-923920685,1298972
1493774269951551700,-923872243,-923900384,1311081
1493774270093902300,-923876963,-923899378,1182497
1493774270223982000,-924059533,-924038101,1180076
1493774270378313200,-923949508,-923960215,1212002
1493774270625955500,-923980018,-923983580,1467387
1493774270796801700,-923995673,-923977516,1385719
1493774270969254000,-923983833,-923932873,1335150
1493774271119702700,-923958210,-923884190,1188202
1493774271316292700,-924035873,-924149448,1575282
1493774271496674300,-923997860,-923969692,1433964
